id,name,age,gender,contact
1,Kizzee,59,Female,459-23-2117
2,Helga,25,Bigender,349-60-7498
3,Sibelle,97,Female,483-23-6856
4,Karel,33,Genderqueer,282-03-9841
5,Clarance,64,Non-binary,298-06-7890
6,Vinson,89,Polygender,375-36-1094
7,Shermie,65,Bigender,132-12-6928
8,Lolita,77,Polygender,258-65-2884
9,Kathy,99,Genderfluid,769-48-0064
10,Raquela,31,Bigender,894-57-7520
11,Zeph,47,male,16521222-3902
12,Cadman,64,female,16150724-6625
13,Edward,52,male,16591204-5936
14,Sylvester,27,female,16720216-4005
15,Lucian,30,male,16400411-4668
16,Dante,27,female,16730824-1574
17,Craig,27,male,16090516-8159
18,Malik,35,female,16311211-5930
19,Jason,56,female,16261211-1589
20,Kato,55,female,16780313-9968
21,Channing,70,female,16240108-4765
22,Kyle,71,female,16800605-7627
23,Kermit,55,female,16810428-1327
24,Benedict,38,male,16841111-0334
25,Tyler,59,male,16620212-2716
26,Slade,47,male,16150717-7853
27,Todd,27,female,16640315-6331
28,Jesse,35,female,16011121-8087
29,Nigel,62,male,16580106-8106
30,Thane,57,female,16270807-0566
